arah,fetch
N,6757.2655489999997
NE,51102.613590000001
E,201.11901109999999
SE,226.00643009999999
S,1386.4566950000001
SW,23293.982789999998
W,6618.2043160000003
NW,3941.9532199999999
